Product Name,Product Description,Price
Urban Edge Hoodie,A cozy hoodie with a modern urban design.,$49.99
Graffiti Print T-shirt,Trendy t-shirt featuring bold graffiti artwork.,$29.95
Vintage Denim Jacket,Classic denim jacket with a vintage feel.,$89.50
Skater Style Sneakers,Durable and stylish sneakers for everyday wear.,$65.00
Graphic Snapback Cap,A snapback cap with a unique graphic print.,$24.99
Ripped Skinny Jeans,Fashion-forward skinny jeans with a ripped design.,$54.00
Abstract Art Sweatshirt,Comfortable sweatshirt featuring abstract art.,$39.99
Retro High-Top Trainers,High-top trainers with a retro-inspired look.,$75.00
Oversized Flannel Shirt,"An oversized flannel shirt, perfect for layering.",$34.50
Black Leather Backpack,Sleek and versatile black leather backpack.,$120.00
Streetwear Cargo Pants,Cargo pants with a modern streetwear twist.,$59.99
Bold Striped Socks (Pack of 3),"Pack of 3 socks with bold, colorful stripes.",$15.00
Camo Windbreaker Jacket,Lightweight jacket in a camo print for a stylish look.,$79.99
Biker Style Joggers,Comfortable joggers with a biker-inspired design.,$45.00
Minimalist Watch,A minimalist watch combining elegance and simplicity.,$99.99
Neon Beanie,Bright neon beanie for a standout style.,$18.00
Metallic Bomber Jacket,Eye-catching bomber jacket with a metallic finish.,$105.00
Color Block Scarf,Stylish scarf with a modern color block pattern.,$27.50
Funky Patterned Leggings,Leggings with unique and funky patterns.,$30.00
Reflective Sunglasses,Sunglasses with reflective lenses for a cool look.,$35.00
Urban Jogging Pants,"Jogging pants with an urban flair, ideal for casual wear.",$40.00
Stylish Bandana,Versatile bandana that adds flair to any outfit.,$12.99
Hip-Hop Inspired Cap,"Cap inspired by hip-hop culture, perfect for a streetwise look.",$22.50
Silk Street Scarf,Elegant silk scarf with street-style prints.,$28.00
Casual Canvas Belt,"Durable canvas belt for a casual, everyday look.",$17.00
Graffiti Backpack,Backpack adorned with vibrant graffiti art.,$65.00
Street Art Face Mask,Face mask featuring street art designs for a trendy look.,$9.99
Edgy Leather Bracelet,Leather bracelet with an edgy and modern design.,$14.99
Multi-pocket Utility Vest,Utility vest with multiple pockets for functionality and style.,$55.00
Trendy Ankle Socks,"Ankle socks with trendy designs, perfect for casual wear.",$8.00
Street Style Gloves,Gloves designed for both warmth and street style.,$19.99
